<?xml version="1.0" encoding="UTF-8"?>

<ValueSet xmlns="http://hl7.org/fhir">
  <id value="emr-lab-task-intent-vs"/>
  <text>
    <status value="generated"/><div xmlns="http://www.w3.org/1999/xhtml"><ul><li>Include these codes as defined in <code>http://hl7.org/fhir/ValueSet/task-intent</code><table class="none"><tr><td style="white-space:nowrap"><b>Code</b></td><td><b>Display</b></td></tr><tr><td>task-intent-order</td><td>Order</td></tr></table></li></ul></div>
  </text>
  <url value="http://i-tech-uw.github.io/emr-lis-ig/ValueSet/emr-lab-task-intent-vs"/>
  <version value="0.2.0"/>
  <name value="EmrLisTaskIntentVS"/>
  <title value="EMR-LIS Intent for Task"/>
  <status value="active"/>
  <date value="2021-07-01T13:57:40+00:00"/>
  <publisher value="I-TECH-UW"/>
  <contact>
    <name value="I-TECH-UW"/>
    <telecom>
      <system value="url"/>
      <value value="www.github.com/i-tech-uw"/>
    </telecom>
    <telecom>
      <system value="email"/>
      <value value="pmanko@uw.edu"/>
    </telecom>
  </contact>
  <description value="The intent of the task, subset from https://www.hl7.org/FHIR/valueset-task-intent.html"/>
  <compose>
    <include>
      <system value="http://hl7.org/fhir/ValueSet/task-intent"/>
      <concept>
        <code value="task-intent-order"/>
        <display value="Order"/>
      </concept>
    </include>
  </compose>
</ValueSet>