<?xml version="1.0" encoding="UTF-8"?>

<StructureDefinition xmlns="http://hl7.org/fhir">
  <id value="EmrLisLogicalModel"/>
  <text>
    <status value="extensions"/><div xmlns="http://www.w3.org/1999/xhtml"><table border="0" cellpadding="0" cellspacing="0" style="border: 0px #F0F0F0 solid; font-size: 11px; font-family: verdana; vertical-align: top;"><tr style="border: 1px #F0F0F0 solid; font-size: 11px; font-family: verdana; vertical-align: top"><th style="vertical-align: top; text-align : left; background-color: white; border: 0px #F0F0F0 solid; padding:0px 4px 0px 4px" class="hierarchy"><a href="http://hl7.org/fhir/R4/formats.html#table" title="The logical name of the element">Name</a></th><th style="vertical-align: top; text-align : left; background-color: white; border: 0px #F0F0F0 solid; padding:0px 4px 0px 4px" class="hierarchy"><a href="http://hl7.org/fhir/R4/formats.html#table" title="Information about the use of the element">Flags</a></th><th style="vertical-align: top; text-align : left; background-color: white; border: 0px #F0F0F0 solid; padding:0px 4px 0px 4px" class="hierarchy"><a href="http://hl7.org/fhir/R4/formats.html#table" title="Minimum and Maximum # of times the the element can appear in the instance">Card.</a></th><th style="width: 100px" class="hierarchy"><a href="http://hl7.org/fhir/R4/formats.html#table" title="Reference to the type of the element">Type</a></th><th style="vertical-align: top; text-align : left; background-color: white; border: 0px #F0F0F0 solid; padding:0px 4px 0px 4px" class="hierarchy"><a href="http://hl7.org/fhir/R4/formats.html#table" title="Additional information about the element">Description &amp; Constraints</a><span style="float: right"><a href="http://hl7.org/fhir/R4/formats.html#table" title="Legend for this format"><img src="http://hl7.org/fhir/R4/help16.png" alt="doco" style="background-color: inherit"/></a></span></th></tr><tr style="border: 0px #F0F0F0 solid; padding:0px; vertical-align: top; background-color: white"><td style="vertical-align: top; text-align : left; background-color: white; border: 0px #F0F0F0 solid; padding:0px 4px 0px 4px; white-space: nowrap; background-image: url(tbl_bck1.png)" class="hierarchy"><img src="tbl_spacer.png" alt="." style="background-color: inherit" class="hierarchy"/><img src="icon_element.gif" alt="." style="background-color: white; background-color: inherit" title="Element" class="hierarchy"/> <a href="StructureDefinition-EmrLisLogicalModel-definitions.html#EmrLisLogicalModel">EmrLisLogicalModel</a><a name="EmrLisLogicalModel"> </a></td><td style="vertical-align: top; text-align : left; background-color: white; border: 0px #F0F0F0 solid; padding:0px 4px 0px 4px" class="hierarchy"/><td style="vertical-align: top; text-align : left; background-color: white; border: 0px #F0F0F0 solid; padding:0px 4px 0px 4px" class="hierarchy"/><td style="vertical-align: top; text-align : left; background-color: white; border: 0px #F0F0F0 solid; padding:0px 4px 0px 4px" class="hierarchy"><a href="http://hl7.org/fhir/R4/datatypes.html#Element">Element</a></td><td style="vertical-align: top; text-align : left; background-color: white; border: 0px #F0F0F0 solid; padding:0px 4px 0px 4px" class="hierarchy"/></tr>
<tr style="border: 0px #F0F0F0 solid; padding:0px; vertical-align: top; background-color: #F7F7F7"><td style="vertical-align: top; text-align : left; background-color: #F7F7F7; border: 0px #F0F0F0 solid; padding:0px 4px 0px 4px; white-space: nowrap; background-image: url(tbl_bck11.png)" class="hierarchy"><img src="tbl_spacer.png" alt="." style="background-color: inherit" class="hierarchy"/><img src="tbl_vjoin.png" alt="." style="background-color: inherit" class="hierarchy"/><img src="icon_datatype.gif" alt="." style="background-color: #F7F7F7; background-color: inherit" title="Data Type" class="hierarchy"/> <a href="StructureDefinition-EmrLisLogicalModel-definitions.html#EmrLisLogicalModel.Patient" title="Logical model of EMR-LIS Patient">Patient</a><a name="EmrLisLogicalModel.Patient"> </a></td><td style="vertical-align: top; text-align : left; background-color: #F7F7F7; border: 0px #F0F0F0 solid; padding:0px 4px 0px 4px" class="hierarchy"/><td style="vertical-align: top; text-align : left; background-color: #F7F7F7; border: 0px #F0F0F0 solid; padding:0px 4px 0px 4px" class="hierarchy">0..1</td><td style="vertical-align: top; text-align : left; background-color: #F7F7F7; border: 0px #F0F0F0 solid; padding:0px 4px 0px 4px" class="hierarchy"><a href="http://hl7.org/fhir/R4/datatypes.html#BackboneElement">BackboneElement</a></td><td style="vertical-align: top; text-align : left; background-color: #F7F7F7; border: 0px #F0F0F0 solid; padding:0px 4px 0px 4px" class="hierarchy">EMR-LIS Patient Logical Model</td></tr>
<tr style="border: 0px #F0F0F0 solid; padding:0px; vertical-align: top; background-color: white"><td style="vertical-align: top; text-align : left; background-color: white; border: 0px #F0F0F0 solid; padding:0px 4px 0px 4px; white-space: nowrap; background-image: url(tbl_bck100.png)" class="hierarchy"><img src="tbl_spacer.png" alt="." style="background-color: inherit" class="hierarchy"/><img src="tbl_vline.png" alt="." style="background-color: inherit" class="hierarchy"/><img src="tbl_vjoin_end.png" alt="." style="background-color: inherit" class="hierarchy"/><img src="icon_datatype.gif" alt="." style="background-color: white; background-color: inherit" title="Data Type" class="hierarchy"/> <a href="StructureDefinition-EmrLisLogicalModel-definitions.html#EmrLisLogicalModel.Patient.Active" title="Flag for distinguishing between active and not active Patients">Active</a><a name="EmrLisLogicalModel.Patient.Active"> </a></td><td style="vertical-align: top; text-align : left; background-color: white; border: 0px #F0F0F0 solid; padding:0px 4px 0px 4px" class="hierarchy"/><td style="vertical-align: top; text-align : left; background-color: white; border: 0px #F0F0F0 solid; padding:0px 4px 0px 4px" class="hierarchy">0..1</td><td style="vertical-align: top; text-align : left; background-color: white; border: 0px #F0F0F0 solid; padding:0px 4px 0px 4px" class="hierarchy"><a href="http://hl7.org/fhir/R4/datatypes.html#CodeableConcept">CodeableConcept</a></td><td style="vertical-align: top; text-align : left; background-color: white; border: 0px #F0F0F0 solid; padding:0px 4px 0px 4px" class="hierarchy">Patient Active Flag<br/><span style="font-weight:bold">Binding: </span><a href="http://hl7.org/fhir/R4/terminologies.html#unbound">(unbound)</a> (<a href="http://hl7.org/fhir/R4/terminologies.html#extensible" title="To be conformant, the concept in this element SHALL be from the specified value set if any of the codes within the value set can apply to the concept being communicated.  If the value set does not cover the concept (based on human review), alternate codings (or, data type allowing, text) may be included instead.">extensible</a>)</td></tr>
<tr style="border: 0px #F0F0F0 solid; padding:0px; vertical-align: top; background-color: #F7F7F7"><td style="vertical-align: top; text-align : left; background-color: #F7F7F7; border: 0px #F0F0F0 solid; padding:0px 4px 0px 4px; white-space: nowrap; background-image: url(tbl_bck01.png)" class="hierarchy"><img src="tbl_spacer.png" alt="." style="background-color: inherit" class="hierarchy"/><img src="tbl_vjoin_end.png" alt="." style="background-color: inherit" class="hierarchy"/><img src="icon_datatype.gif" alt="." style="background-color: #F7F7F7; background-color: inherit" title="Data Type" class="hierarchy"/> <a href="StructureDefinition-EmrLisLogicalModel-definitions.html#EmrLisLogicalModel.LabTask" title="A task for tracking the full lifecycle of a EMR-LIS Lab Order Workflow between EMRs and LISs">LabTask</a><a name="EmrLisLogicalModel.LabTask"> </a></td><td style="vertical-align: top; text-align : left; background-color: #F7F7F7; border: 0px #F0F0F0 solid; padding:0px 4px 0px 4px" class="hierarchy"/><td style="vertical-align: top; text-align : left; background-color: #F7F7F7; border: 0px #F0F0F0 solid; padding:0px 4px 0px 4px" class="hierarchy">0..1</td><td style="vertical-align: top; text-align : left; background-color: #F7F7F7; border: 0px #F0F0F0 solid; padding:0px 4px 0px 4px" class="hierarchy"><a href="http://hl7.org/fhir/R4/datatypes.html#BackboneElement">BackboneElement</a></td><td style="vertical-align: top; text-align : left; background-color: #F7F7F7; border: 0px #F0F0F0 solid; padding:0px 4px 0px 4px" class="hierarchy">EMR-LIS Workflow Task</td></tr>
<tr style="border: 0px #F0F0F0 solid; padding:0px; vertical-align: top; background-color: white"><td style="vertical-align: top; text-align : left; background-color: white; border: 0px #F0F0F0 solid; padding:0px 4px 0px 4px; white-space: nowrap; background-image: url(tbl_bck000.png)" class="hierarchy"><img src="tbl_spacer.png" alt="." style="background-color: inherit" class="hierarchy"/><img src="tbl_blank.png" alt="." style="background-color: inherit" class="hierarchy"/><img src="tbl_vjoin_end.png" alt="." style="background-color: inherit" class="hierarchy"/><img src="icon_reference.png" alt="." style="background-color: white; background-color: inherit" title="Reference to another Resource" class="hierarchy"/> <a href="StructureDefinition-EmrLisLogicalModel-definitions.html#EmrLisLogicalModel.LabTask.Patient" title="The Patient for whom the lab order was created.">Patient</a><a name="EmrLisLogicalModel.LabTask.Patient"> </a></td><td style="vertical-align: top; text-align : left; background-color: white; border: 0px #F0F0F0 solid; padding:0px 4px 0px 4px" class="hierarchy"/><td style="vertical-align: top; text-align : left; background-color: white; border: 0px #F0F0F0 solid; padding:0px 4px 0px 4px" class="hierarchy">1..1</td><td style="vertical-align: top; text-align : left; background-color: white; border: 0px #F0F0F0 solid; padding:0px 4px 0px 4px" class="hierarchy"><a href="http://hl7.org/fhir/R4/references.html">Reference</a>()</td><td style="vertical-align: top; text-align : left; background-color: white; border: 0px #F0F0F0 solid; padding:0px 4px 0px 4px" class="hierarchy">EMR-LIS Patient</td></tr>
<tr><td colspan="5" class="hierarchy"><br/><a href="http://hl7.org/fhir/R4/formats.html#table" title="Legend for this format"><img src="http://hl7.org/fhir/R4/help16.png" alt="doco" style="background-color: inherit"/> Documentation for this format</a></td></tr></table></div>
  </text>
  <url value="http://i-tech-uw.github.io/emr-lis-ig/StructureDefinition/EmrLisLogicalModel"/>
  <version value="0.2.0"/>
  <name value="EmrLisLogicalModel"/>
  <status value="draft"/>
  <experimental value="true"/>
  <date value="2021-07-27T07:51:26+00:00"/>
  <publisher value="I-TECH-UW"/>
  <contact>
    <name value="I-TECH-UW"/>
    <telecom>
      <system value="url"/>
      <value value="www.github.com/i-tech-uw"/>
    </telecom>
    <telecom>
      <system value="email"/>
      <value value="pmanko@uw.edu"/>
    </telecom>
  </contact>
  <fhirVersion value="4.0.1"/>
  <mapping>
    <identity value="OpenELIS"/>
    <name value="OpenELIS Global v2"/>
  </mapping>
  <mapping>
    <identity value="OpenMRS"/>
    <name value="OpenMRS RefApp 2.9"/>
  </mapping>
  <mapping>
    <identity value="iSantePlus"/>
    <name value="iSantePlus 2"/>
  </mapping>
  <mapping>
    <identity value="FHIR-R4"/>
    <name value="FHIR Release 4"/>
  </mapping>
  <mapping>
    <identity value="rim"/>
    <uri value="http://hl7.org/v3"/>
    <name value="RIM Mapping"/>
  </mapping>
  <kind value="logical"/>
  <abstract value="false"/>
  <type value="EmrLisLogicalModel"/>
  <baseDefinition value="http://hl7.org/fhir/StructureDefinition/Element"/>
  <derivation value="specialization"/>
  <snapshot>
    <element id="EmrLisLogicalModel">
      <extension url="http://hl7.org/fhir/StructureDefinition/structuredefinition-standards-status">
        <valueCode value="normative"/>
      </extension>
      <extension url="http://hl7.org/fhir/StructureDefinition/structuredefinition-normative-version">
        <valueCode value="4.0.0"/>
      </extension>
      <path value="EmrLisLogicalModel"/>
      <short value="Base for all elements"/>
      <definition value="Base definition for all elements in a resource."/>
      <min value="0"/>
      <max value="*"/>
      <base>
        <path value="Element"/>
        <min value="0"/>
        <max value="*"/>
      </base>
      <condition value="ele-1"/>
      <constraint>
        <key value="ele-1"/>
        <severity value="error"/>
        <human value="All FHIR elements must have a @value or children"/>
        <expression value="hasValue() or (children().count() &gt; id.count())"/>
        <xpath value="@value|f:*|h:div"/>
      </constraint>
      <isModifier value="false"/>
      <mapping>
        <identity value="rim"/>
        <map value="n/a"/>
      </mapping>
    </element>
    <element id="EmrLisLogicalModel.id">
      <path value="EmrLisLogicalModel.id"/>
      <representation value="xmlAttr"/>
      <short value="Unique id for inter-element referencing"/>
      <definition value="Unique id for the element within a resource (for internal references). This may be any string value that does not contain spaces."/>
      <min value="0"/>
      <max value="1"/>
      <base>
        <path value="Element.id"/>
        <min value="0"/>
        <max value="1"/>
      </base>
      <type>
        <extension url="http://hl7.org/fhir/StructureDefinition/structuredefinition-fhir-type">
          <valueUrl value="string"/>
        </extension>
        <code value="http://hl7.org/fhirpath/System.String"/>
      </type>
      <isModifier value="false"/>
      <isSummary value="false"/>
      <mapping>
        <identity value="rim"/>
        <map value="n/a"/>
      </mapping>
    </element>
    <element id="EmrLisLogicalModel.extension">
      <path value="EmrLisLogicalModel.extension"/>
      <slicing>
        <discriminator>
          <type value="value"/>
          <path value="url"/>
        </discriminator>
        <description value="Extensions are always sliced by (at least) url"/>
        <rules value="open"/>
      </slicing>
      <short value="Additional content defined by implementations"/>
      <definition value="May be used to represent additional information that is not part of the basic definition of the element. To make the use of extensions safe and manageable, there is a strict set of governance  applied to the definition and use of extensions. Though any implementer can define an extension, there is a set of requirements that SHALL be met as part of the definition of the extension."/>
      <comment value="There can be no stigma associated with the use of extensions by any application, project, or standard - regardless of the institution or jurisdiction that uses or defines the extensions.  The use of extensions is what allows the FHIR specification to retain a core level of simplicity for everyone."/>
      <alias value="extensions"/>
      <alias value="user content"/>
      <min value="0"/>
      <max value="*"/>
      <base>
        <path value="Element.extension"/>
        <min value="0"/>
        <max value="*"/>
      </base>
      <type>
        <code value="Extension"/>
      </type>
      <constraint>
        <key value="ele-1"/>
        <severity value="error"/>
        <human value="All FHIR elements must have a @value or children"/>
        <expression value="hasValue() or (children().count() &gt; id.count())"/>
        <xpath value="@value|f:*|h:div"/>
        <source value="http://hl7.org/fhir/StructureDefinition/Element"/>
      </constraint>
      <constraint>
        <key value="ext-1"/>
        <severity value="error"/>
        <human value="Must have either extensions or value[x], not both"/>
        <expression value="extension.exists() != value.exists()"/>
        <xpath value="exists(f:extension)!=exists(f:*[starts-with(local-name(.), &quot;value&quot;)])"/>
        <source value="http://hl7.org/fhir/StructureDefinition/Extension"/>
      </constraint>
      <isModifier value="false"/>
      <isSummary value="false"/>
      <mapping>
        <identity value="rim"/>
        <map value="n/a"/>
      </mapping>
    </element>
    <element id="EmrLisLogicalModel.Patient">
      <path value="EmrLisLogicalModel.Patient"/>
      <short value="EMR-LIS Patient Logical Model"/>
      <definition value="Logical model of EMR-LIS Patient"/>
      <min value="0"/>
      <max value="1"/>
      <base>
        <path value="EmrLisLogicalModel.Patient"/>
        <min value="0"/>
        <max value="1"/>
      </base>
      <type>
        <code value="BackboneElement"/>
      </type>
      <mapping>
        <identity value="OpenELIS"/>
        <map value="TODO"/>
      </mapping>
      <mapping>
        <identity value="OpenMRS"/>
        <map value="TODO"/>
      </mapping>
      <mapping>
        <identity value="iSantePlus"/>
        <map value="TODO"/>
      </mapping>
      <mapping>
        <identity value="FHIR-R4"/>
        <map value="EmrLisPatient"/>
      </mapping>
    </element>
    <element id="EmrLisLogicalModel.Patient.Active">
      <path value="EmrLisLogicalModel.Patient.Active"/>
      <short value="Patient Active Flag"/>
      <definition value="Flag for distinguishing between active and not active Patients"/>
      <min value="0"/>
      <max value="1"/>
      <base>
        <path value="EmrLisLogicalModel.Patient.Active"/>
        <min value="0"/>
        <max value="1"/>
      </base>
      <type>
        <code value="CodeableConcept"/>
      </type>
      <binding>
        <strength value="extensible"/>
      </binding>
      <mapping>
        <identity value="OpenELIS"/>
        <map value="TODO"/>
      </mapping>
      <mapping>
        <identity value="OpenMRS"/>
        <map value="TODO"/>
      </mapping>
      <mapping>
        <identity value="iSantePlus"/>
        <map value="TODO"/>
      </mapping>
      <mapping>
        <identity value="FHIR-R4"/>
        <map value="EmrLisPatient.active"/>
      </mapping>
    </element>
    <element id="EmrLisLogicalModel.LabTask">
      <path value="EmrLisLogicalModel.LabTask"/>
      <short value="EMR-LIS Workflow Task"/>
      <definition value="A task for tracking the full lifecycle of a EMR-LIS Lab Order Workflow between EMRs and LISs"/>
      <min value="0"/>
      <max value="1"/>
      <base>
        <path value="EmrLisLogicalModel.LabTask"/>
        <min value="0"/>
        <max value="1"/>
      </base>
      <type>
        <code value="BackboneElement"/>
      </type>
      <mapping>
        <identity value="OpenELIS"/>
        <map value="TODO"/>
      </mapping>
      <mapping>
        <identity value="OpenMRS"/>
        <map value="TODO"/>
      </mapping>
      <mapping>
        <identity value="iSantePlus"/>
        <map value="TODO"/>
      </mapping>
      <mapping>
        <identity value="FHIR-R4"/>
        <map value="EmrLisTask"/>
      </mapping>
    </element>
    <element id="EmrLisLogicalModel.LabTask.Patient">
      <path value="EmrLisLogicalModel.LabTask.Patient"/>
      <short value="EMR-LIS Patient"/>
      <definition value="The Patient for whom the lab order was created."/>
      <min value="1"/>
      <max value="1"/>
      <base>
        <path value="EmrLisLogicalModel.LabTask.Patient"/>
        <min value="1"/>
        <max value="1"/>
      </base>
      <type>
        <code value="Reference"/>
      </type>
      <mapping>
        <identity value="OpenELIS"/>
        <map value="TODO"/>
      </mapping>
      <mapping>
        <identity value="OpenMRS"/>
        <map value="TODO"/>
      </mapping>
      <mapping>
        <identity value="iSantePlus"/>
        <map value="TODO"/>
      </mapping>
      <mapping>
        <identity value="FHIR-R4"/>
        <map value="EmrLisTask.for"/>
      </mapping>
    </element>
  </snapshot>
  <differential>
    <element id="EmrLisLogicalModel.Patient">
      <path value="EmrLisLogicalModel.Patient"/>
      <short value="EMR-LIS Patient Logical Model"/>
      <definition value="Logical model of EMR-LIS Patient"/>
      <min value="0"/>
      <max value="1"/>
      <type>
        <code value="BackboneElement"/>
      </type>
      <mapping>
        <identity value="OpenELIS"/>
        <map value="TODO"/>
      </mapping>
      <mapping>
        <identity value="OpenMRS"/>
        <map value="TODO"/>
      </mapping>
      <mapping>
        <identity value="iSantePlus"/>
        <map value="TODO"/>
      </mapping>
      <mapping>
        <identity value="FHIR-R4"/>
        <map value="EmrLisPatient"/>
      </mapping>
    </element>
    <element id="EmrLisLogicalModel.Patient.Active">
      <path value="EmrLisLogicalModel.Patient.Active"/>
      <short value="Patient Active Flag"/>
      <definition value="Flag for distinguishing between active and not active Patients"/>
      <min value="0"/>
      <max value="1"/>
      <type>
        <code value="CodeableConcept"/>
      </type>
      <binding>
        <strength value="extensible"/>
      </binding>
      <mapping>
        <identity value="OpenELIS"/>
        <map value="TODO"/>
      </mapping>
      <mapping>
        <identity value="OpenMRS"/>
        <map value="TODO"/>
      </mapping>
      <mapping>
        <identity value="iSantePlus"/>
        <map value="TODO"/>
      </mapping>
      <mapping>
        <identity value="FHIR-R4"/>
        <map value="EmrLisPatient.active"/>
      </mapping>
    </element>
    <element id="EmrLisLogicalModel.LabTask">
      <path value="EmrLisLogicalModel.LabTask"/>
      <short value="EMR-LIS Workflow Task"/>
      <definition value="A task for tracking the full lifecycle of a EMR-LIS Lab Order Workflow between EMRs and LISs"/>
      <min value="0"/>
      <max value="1"/>
      <type>
        <code value="BackboneElement"/>
      </type>
      <mapping>
        <identity value="OpenELIS"/>
        <map value="TODO"/>
      </mapping>
      <mapping>
        <identity value="OpenMRS"/>
        <map value="TODO"/>
      </mapping>
      <mapping>
        <identity value="iSantePlus"/>
        <map value="TODO"/>
      </mapping>
      <mapping>
        <identity value="FHIR-R4"/>
        <map value="EmrLisTask"/>
      </mapping>
    </element>
    <element id="EmrLisLogicalModel.LabTask.Patient">
      <path value="EmrLisLogicalModel.LabTask.Patient"/>
      <short value="EMR-LIS Patient"/>
      <definition value="The Patient for whom the lab order was created."/>
      <min value="1"/>
      <max value="1"/>
      <type>
        <code value="Reference"/>
      </type>
      <mapping>
        <identity value="OpenELIS"/>
        <map value="TODO"/>
      </mapping>
      <mapping>
        <identity value="OpenMRS"/>
        <map value="TODO"/>
      </mapping>
      <mapping>
        <identity value="iSantePlus"/>
        <map value="TODO"/>
      </mapping>
      <mapping>
        <identity value="FHIR-R4"/>
        <map value="EmrLisTask.for"/>
      </mapping>
    </element>
  </differential>
</StructureDefinition>