{
  "package": "emr.lis.ig",
  "version": "0.2.0",
  "fhirVersion": "4.0.1",
  "extensions": [
    {
      "url": "http://i-tech-uw.github.io/emr-lis-ig/StructureDefinition/emr-lis-patient-identifier-location",
      "title": "EMR-LIS Patient Identifier Location Extension",
      "types": [
        "Reference"
      ]
    }
  ],
  "profiles": {
    "DiagnosticReport": [
      {
        "url": "http://i-tech-uw.github.io/emr-lis-ig/StructureDefinition/emr-lab-diagnostic-report",
        "title": "EMR-LIS Diagnostic Report"
      }
    ],
    "Encounter": [
      {
        "url": "http://i-tech-uw.github.io/emr-lis-ig/StructureDefinition/emr-lab-encounter",
        "title": "EMR-LIS Encounter"
      }
    ],
    "Observation": [
      {
        "url": "http://i-tech-uw.github.io/emr-lis-ig/StructureDefinition/emr-lab-observation",
        "title": "EMR-LIS Observation"
      }
    ],
    "Patient": [
      {
        "url": "http://i-tech-uw.github.io/emr-lis-ig/StructureDefinition/emr-lab-patient",
        "title": "EMR-LIS Workflow Patient"
      }
    ],
    "ServiceRequest": [
      {
        "url": "http://i-tech-uw.github.io/emr-lis-ig/StructureDefinition/emr-lab-service-request",
        "title": "EMR-LIS Service Request"
      }
    ],
    "Task": [
      {
        "url": "http://i-tech-uw.github.io/emr-lis-ig/StructureDefinition/emr-lab-task",
        "title": "EMR-LIS Workflow Task Resource"
      }
    ]
  },
  "usage": {
    "http://hl7.org/fhir/StructureDefinition/data-absent-reason": [
      "DiagnosticReport.effective[x]",
      "Observation.effective[x]"
    ],
    "http://hl7.org/fhir/StructureDefinition/elementdefinition-bestpractice": [
      "StructureDefinition.snapshot.element.constraint"
    ],
    "http://hl7.org/fhir/StructureDefinition/elementdefinition-bestpractice-explanation": [
      "StructureDefinition.snapshot.element.constraint"
    ],
    "http://hl7.org/fhir/StructureDefinition/elementdefinition-bindingName": [
      "StructureDefinition.snapshot.element.binding"
    ],
    "http://hl7.org/fhir/StructureDefinition/elementdefinition-isCommonBinding": [
      "StructureDefinition.snapshot.element.binding"
    ],
    "http://hl7.org/fhir/StructureDefinition/elementdefinition-maxValueSet": [
      "StructureDefinition.snapshot.element.binding"
    ],
    "http://hl7.org/fhir/StructureDefinition/elementdefinition-translatable": [
      "StructureDefinition.snapshot.element"
    ],
    "http://hl7.org/fhir/StructureDefinition/structuredefinition-category": [
      "StructureDefinition"
    ],
    "http://hl7.org/fhir/StructureDefinition/structuredefinition-display-hint": [
      "StructureDefinition.snapshot.element"
    ],
    "http://hl7.org/fhir/StructureDefinition/structuredefinition-explicit-type-name": [
      "StructureDefinition.snapshot.element"
    ],
    "http://hl7.org/fhir/StructureDefinition/structuredefinition-fhir-type": [
      "StructureDefinition.snapshot.element.type"
    ],
    "http://hl7.org/fhir/StructureDefinition/structuredefinition-hierarchy": [
      "StructureDefinition.snapshot.element.type"
    ],
    "http://hl7.org/fhir/StructureDefinition/structuredefinition-normative-version": [
      "StructureDefinition.snapshot.element"
    ],
    "http://hl7.org/fhir/StructureDefinition/structuredefinition-security-category": [
      "StructureDefinition"
    ],
    "http://hl7.org/fhir/StructureDefinition/structuredefinition-standards-status": [
      "StructureDefinition.snapshot.element"
    ],
    "http://hl7.org/fhir/tools/StructureDefinition/ig-parameter": [
      "ImplementationGuide.definition"
    ],
    "http://hl7.org/fhir/tools/StructureDefinition/resource-information": [
      "ImplementationGuide.definition.resource"
    ],
    "http://i-tech-uw.github.io/emr-lis-ig/StructureDefinition/emr-lis-patient-identifier-location": [
      "Identifier",
      "Patient.identifier"
    ]
  }
}