{"resourceType":"ImplementationGuide","id":"emr.lis.ig","text":{"status":"extensions","div":"<div xmlns=\"http://www.w3.org/1999/xhtml\"><h2>EmrLisIg</h2><p>The official URL for this implementation guide is: </p><pre>http://i-tech-uw.github.io/emr-lis-ig/ImplementationGuide/emr.lis.ig</pre><div><p>Implementation guide for FHIR-based communication between Lab Systems and Electronic Medical\nRecords in the OpenHIE Architecture, based on the OpenMRS EMR and the OpenELIS LIS.</p>\n</div></div>"},"url":"http://i-tech-uw.github.io/emr-lis-ig/ImplementationGuide/emr.lis.ig","version":"0.2.0","name":"EmrLisIg","title":"EMR-LIS Implementation Guide","status":"draft","experimental":true,"date":"2021-07-27T07:51:26+00:00","publisher":"I-TECH-UW","contact":[{"name":"I-TECH-UW","telecom":[{"system":"url","value":"www.github.com/i-tech-uw"},{"system":"email","value":"pmanko@uw.edu"}]}],"description":"Implementation guide for FHIR-based communication between Lab Systems and Electronic Medical \nRecords in the OpenHIE Architecture, based on the OpenMRS EMR and the OpenELIS LIS. \n","packageId":"emr.lis.ig","license":"CC-BY-SA-4.0","fhirVersion":["4.0.1"],"dependsOn":[{"id":"hl7_fhir_uv_ips","uri":"http://hl7.org/fhir/uv/ips/ImplementationGuide/hl7.fhir.uv.ips","packageId":"hl7.fhir.uv.ips","version":"1.0.0"}],"definition":{"extension":[{"extension":[{"url":"code","valueString":"copyrightyear"},{"url":"value","valueString":"2021+"}],"url":"http://hl7.org/fhir/tools/StructureDefinition/ig-parameter"},{"extension":[{"url":"code","valueString":"releaselabel"},{"url":"value","valueString":"ci-build"}],"url":"http://hl7.org/fhir/tools/StructureDefinition/ig-parameter"},{"extension":[{"url":"code","valueString":"excludettl"},{"url":"value","valueString":"true"}],"url":"http://hl7.org/fhir/tools/StructureDefinition/ig-parameter"},{"extension":[{"url":"code","valueString":"autoload-resources"},{"url":"value","valueString":"true"}],"url":"http://hl7.org/fhir/tools/StructureDefinition/ig-parameter"},{"extension":[{"url":"code","valueString":"path-liquid"},{"url":"value","valueString":"template/liquid"}],"url":"http://hl7.org/fhir/tools/StructureDefinition/ig-parameter"},{"extension":[{"url":"code","valueString":"path-liquid"},{"url":"value","valueString":"input/liquid"}],"url":"http://hl7.org/fhir/tools/StructureDefinition/ig-parameter"},{"extension":[{"url":"code","valueString":"path-qa"},{"url":"value","valueString":"temp/qa"}],"url":"http://hl7.org/fhir/tools/StructureDefinition/ig-parameter"},{"extension":[{"url":"code","valueString":"path-temp"},{"url":"value","valueString":"temp/pages"}],"url":"http://hl7.org/fhir/tools/StructureDefinition/ig-parameter"},{"extension":[{"url":"code","valueString":"path-output"},{"url":"value","valueString":"output"}],"url":"http://hl7.org/fhir/tools/StructureDefinition/ig-parameter"},{"extension":[{"url":"code","valueString":"path-suppressed-warnings"},{"url":"value","valueString":"input/ignoreWarnings.txt"}],"url":"http://hl7.org/fhir/tools/StructureDefinition/ig-parameter"},{"extension":[{"url":"code","valueString":"path-history"},{"url":"value","valueString":"http://i-tech-uw.github.io/emr-lis-ig/history.html"}],"url":"http://hl7.org/fhir/tools/StructureDefinition/ig-parameter"},{"extension":[{"url":"code","valueString":"template-html"},{"url":"value","valueString":"template-page.html"}],"url":"http://hl7.org/fhir/tools/StructureDefinition/ig-parameter"},{"extension":[{"url":"code","valueString":"template-md"},{"url":"value","valueString":"template-page-md.html"}],"url":"http://hl7.org/fhir/tools/StructureDefinition/ig-parameter"},{"extension":[{"url":"code","valueString":"apply-contact"},{"url":"value","valueString":"true"}],"url":"http://hl7.org/fhir/tools/StructureDefinition/ig-parameter"},{"extension":[{"url":"code","valueString":"apply-context"},{"url":"value","valueString":"true"}],"url":"http://hl7.org/fhir/tools/StructureDefinition/ig-parameter"},{"extension":[{"url":"code","valueString":"apply-copyright"},{"url":"value","valueString":"true"}],"url":"http://hl7.org/fhir/tools/StructureDefinition/ig-parameter"},{"extension":[{"url":"code","valueString":"apply-jurisdiction"},{"url":"value","valueString":"true"}],"url":"http://hl7.org/fhir/tools/StructureDefinition/ig-parameter"},{"extension":[{"url":"code","valueString":"apply-license"},{"url":"value","valueString":"true"}],"url":"http://hl7.org/fhir/tools/StructureDefinition/ig-parameter"},{"extension":[{"url":"code","valueString":"apply-publisher"},{"url":"value","valueString":"true"}],"url":"http://hl7.org/fhir/tools/StructureDefinition/ig-parameter"},{"extension":[{"url":"code","valueString":"apply-version"},{"url":"value","valueString":"true"}],"url":"http://hl7.org/fhir/tools/StructureDefinition/ig-parameter"},{"extension":[{"url":"code","valueString":"active-tables"},{"url":"value","valueString":"true"}],"url":"http://hl7.org/fhir/tools/StructureDefinition/ig-parameter"}],"grouping":[{"id":"-str-logicalmodel","name":"Structures: Logical Models","description":"These define data models that represent the domain covered by this implementation guide in more business-friendly terms than the underlying FHIR resources."},{"id":"-str-profile","name":"Structures: Resource Profiles","description":"These define constraints on FHIR resources for systems conforming to this implementation guide"},{"id":"-str-datatype","name":"Structures: Data Type Profiles","description":"These define constraints on FHIR data types for systems conforming to this implementation guide"},{"id":"-str-extension","name":"Structures: Extension Definitions","description":"These define constraints on FHIR data types for systems conforming to this implementation guide"},{"id":"-term-valueset","name":"Terminology: Value Sets","description":"These define sets of codes used by systems conforming to this implementation guide"},{"id":"-ex-example","name":"Example: Example Instances","description":"These are example instances that show what data produced and consumed by systems conforming with this implementation guide might look like"}],"resource":[{"extension":[{"url":"http://hl7.org/fhir/StructureDefinition/implementationguide-page","valueUri":"StructureDefinition-emr-lab-diagnostic-report.html"}],"reference":{"reference":"StructureDefinition/emr-lab-diagnostic-report"},"name":"EMR-LIS Diagnostic Report","description":"DiagnosticReport resource created by a LIS that representing results of an order submitted from an EMR System","exampleBoolean":false,"groupingId":"-str-profile"},{"extension":[{"url":"http://hl7.org/fhir/StructureDefinition/implementationguide-page","valueUri":"StructureDefinition-emr-lab-encounter.html"}],"reference":{"reference":"StructureDefinition/emr-lab-encounter"},"name":"EMR-LIS Encounter","description":"Encounter resource associated with the Service Request for a lab order generated by the EMR","exampleBoolean":false,"groupingId":"-str-profile"},{"extension":[{"url":"http://hl7.org/fhir/StructureDefinition/implementationguide-page","valueUri":"StructureDefinition-emr-lis-composition.html"}],"reference":{"reference":"StructureDefinition/emr-lis-composition"},"name":"EMR-LIS Lab Order Composition","description":"This composition packages information needed to facilitate lab order communication between clinical systems in Botswana.","exampleBoolean":false,"groupingId":"-str-profile"},{"extension":[{"url":"http://hl7.org/fhir/StructureDefinition/implementationguide-page","valueUri":"StructureDefinition-emr-lab-observation.html"}],"reference":{"reference":"StructureDefinition/emr-lab-observation"},"name":"EMR-LIS Observation","description":"Observation resource created by a LIS that representing a result for an order submitted by an EMR System","exampleBoolean":false,"groupingId":"-str-profile"},{"extension":[{"url":"http://hl7.org/fhir/StructureDefinition/implementationguide-page","valueUri":"StructureDefinition-emr-lab-openmrs-identifier.html"}],"reference":{"reference":"StructureDefinition/emr-lab-openmrs-identifier"},"name":"EMR-LIS Workflow OpenMRS Identifier","description":"A identifier for OpenMRS","exampleBoolean":false,"groupingId":"-str-datatype"},{"extension":[{"url":"http://hl7.org/fhir/StructureDefinition/implementationguide-page","valueUri":"StructureDefinition-emr-lab-patient.html"}],"reference":{"reference":"StructureDefinition/emr-lab-patient"},"name":"EMR-LIS Workflow Patient","description":"A patient used for EMR - LIS lab order and result communication.","exampleBoolean":false,"groupingId":"-str-profile"},{"extension":[{"url":"http://hl7.org/fhir/StructureDefinition/implementationguide-page","valueUri":"StructureDefinition-emr-lab-practitioner.html"}],"reference":{"reference":"StructureDefinition/emr-lab-practitioner"},"name":"EMR-LIS Encounter","description":"Practitioner resource associated with the Service Request for a lab order generated by the EMR","exampleBoolean":false,"groupingId":"-str-profile"},{"extension":[{"url":"http://hl7.org/fhir/StructureDefinition/implementationguide-page","valueUri":"StructureDefinition-emr-lab-service-request.html"}],"reference":{"reference":"StructureDefinition/emr-lab-service-request"},"name":"EMR-LIS Service Request","description":"A service request created by an EMR representing an order for an LIS system","exampleBoolean":false,"groupingId":"-str-profile"},{"extension":[{"url":"http://hl7.org/fhir/StructureDefinition/implementationguide-page","valueUri":"StructureDefinition-emr-lab-task.html"}],"reference":{"reference":"StructureDefinition/emr-lab-task"},"name":"EMR-LIS Workflow Task Resource","description":"A Task resource for tracking order state and synchronizing communication between an EMR and a LIS","exampleBoolean":false,"groupingId":"-str-profile"},{"extension":[{"url":"http://hl7.org/fhir/StructureDefinition/implementationguide-page","valueUri":"StructureDefinition-emr-lis-patient-identifier-location.html"}],"reference":{"reference":"StructureDefinition/emr-lis-patient-identifier-location"},"name":"EMR-LIS Patient Identifier Location Extension","description":"OpenMRS-specific location for OpenMRS ID Identifier","exampleBoolean":false,"groupingId":"-str-extension"},{"extension":[{"url":"http://hl7.org/fhir/StructureDefinition/implementationguide-page","valueUri":"ValueSet-emr-lab-diagnostic-report-status-vs.html"}],"reference":{"reference":"ValueSet/emr-lab-diagnostic-report-status-vs"},"name":"EMR-LIS Diagnostic Report Status Flag","description":"The status of the diagnostic report, subset from https://www.hl7.org/fhir/valueset-diagnostic-report-status.html","exampleBoolean":false,"groupingId":"-term-valueset"},{"extension":[{"url":"http://hl7.org/fhir/StructureDefinition/implementationguide-page","valueUri":"ValueSet-emr-lab-order-code-vs.html"}],"reference":{"reference":"ValueSet/emr-lab-order-code-vs"},"name":"EMR Lab Order Code","description":"The code for the lab order requested in the EMR.","exampleBoolean":false,"groupingId":"-term-valueset"},{"extension":[{"url":"http://hl7.org/fhir/StructureDefinition/implementationguide-page","valueUri":"ValueSet-emr-lab-task-intent-vs.html"}],"reference":{"reference":"ValueSet/emr-lab-task-intent-vs"},"name":"EMR-LIS Intent for Task","description":"The intent of the task, subset from https://www.hl7.org/FHIR/valueset-task-intent.html","exampleBoolean":false,"groupingId":"-term-valueset"},{"extension":[{"url":"http://hl7.org/fhir/StructureDefinition/implementationguide-page","valueUri":"ValueSet-emr-lab-task-status-vs.html"}],"reference":{"reference":"ValueSet/emr-lab-task-status-vs"},"name":"EMR-LIS Status for Task","description":"The state of the task, subset from https://www.hl7.org/FHIR/valueset-task-status.html","exampleBoolean":false,"groupingId":"-term-valueset"},{"extension":[{"url":"http://hl7.org/fhir/StructureDefinition/implementationguide-page","valueUri":"StructureDefinition-EmrLisLogicalModel.html"}],"reference":{"reference":"StructureDefinition/EmrLisLogicalModel"},"name":"EMR-LIS Logical Model","description":"EMR-LIS Communication Logical Model","exampleBoolean":false,"groupingId":"-str-logicalmodel"},{"extension":[{"url":"http://hl7.org/fhir/StructureDefinition/implementationguide-page","valueUri":"Bundle-example-emr-lis-bundle.html"}],"reference":{"reference":"Bundle/example-emr-lis-bundle"},"name":"Example EMR-LIS Lab Bundle","description":"Example Full EMR-LIS Lab Bundle","exampleBoolean":true,"groupingId":"-ex-example"},{"extension":[{"url":"http://hl7.org/fhir/StructureDefinition/implementationguide-page","valueUri":"Composition-example-emr-lis-composition.html"}],"reference":{"reference":"Composition/example-emr-lis-composition"},"name":"Example EMR-LIS Lab Composition","description":"Example Lab Order Composition","exampleCanonical":"http://i-tech-uw.github.io/emr-lis-ig/StructureDefinition/emr-lis-composition","groupingId":"-ex-example"},{"extension":[{"url":"http://hl7.org/fhir/StructureDefinition/implementationguide-page","valueUri":"DiagnosticReport-example-emr-lis-diagnostic-report.html"}],"reference":{"reference":"DiagnosticReport/example-emr-lis-diagnostic-report"},"name":"EMR-LIS DiagnosticReport","description":"Example EMR-LIS DiagnosticReport","exampleCanonical":"http://i-tech-uw.github.io/emr-lis-ig/StructureDefinition/emr-lab-diagnostic-report","groupingId":"-ex-example"},{"extension":[{"url":"http://hl7.org/fhir/StructureDefinition/implementationguide-page","valueUri":"Encounter-example-emr-lis-encounter.html"}],"reference":{"reference":"Encounter/example-emr-lis-encounter"},"name":"EMR-LIS Encounter","description":"Example EMR-LIS Encounter","exampleCanonical":"http://i-tech-uw.github.io/emr-lis-ig/StructureDefinition/emr-lab-encounter","groupingId":"-ex-example"},{"extension":[{"url":"http://hl7.org/fhir/StructureDefinition/implementationguide-page","valueUri":"Observation-example-emr-lis-observation.html"}],"reference":{"reference":"Observation/example-emr-lis-observation"},"name":"EMR-LIS Observation","description":"Example EmrLis Observation","exampleCanonical":"http://i-tech-uw.github.io/emr-lis-ig/StructureDefinition/emr-lab-observation","groupingId":"-ex-example"},{"extension":[{"url":"http://hl7.org/fhir/StructureDefinition/implementationguide-page","valueUri":"Patient-example-emr-lis-patient.html"}],"reference":{"reference":"Patient/example-emr-lis-patient"},"name":"EMR-LIS Patient","description":"Example OpenMRS Patient","exampleCanonical":"http://i-tech-uw.github.io/emr-lis-ig/StructureDefinition/emr-lab-patient","groupingId":"-ex-example"},{"extension":[{"url":"http://hl7.org/fhir/StructureDefinition/implementationguide-page","valueUri":"Practitioner-example-emr-lis-practitioner.html"}],"reference":{"reference":"Practitioner/example-emr-lis-practitioner"},"name":"EMR-LIS Practitioner","description":"Example Emrs-LIS Practitioner","exampleCanonical":"http://i-tech-uw.github.io/emr-lis-ig/StructureDefinition/emr-lab-practitioner","groupingId":"-ex-example"},{"extension":[{"url":"http://hl7.org/fhir/StructureDefinition/implementationguide-page","valueUri":"ServiceRequest-example-emr-lis-service-request-1.html"}],"reference":{"reference":"ServiceRequest/example-emr-lis-service-request-1"},"name":"EmrLis ServiceRequest 1","description":"Example ServiceRequest resource representing a EMR-LIS Lab Order","exampleCanonical":"http://i-tech-uw.github.io/emr-lis-ig/StructureDefinition/emr-lab-service-request","groupingId":"-ex-example"},{"extension":[{"url":"http://hl7.org/fhir/StructureDefinition/implementationguide-page","valueUri":"ServiceRequest-example-emr-lis-service-request-2.html"}],"reference":{"reference":"ServiceRequest/example-emr-lis-service-request-2"},"name":"BW PIMS ServiceRequest 1","description":"Example ServiceRequest resource representing EMR-LIS Lab Order","exampleCanonical":"http://i-tech-uw.github.io/emr-lis-ig/StructureDefinition/emr-lab-service-request","groupingId":"-ex-example"},{"extension":[{"url":"http://hl7.org/fhir/StructureDefinition/implementationguide-page","valueUri":"ServiceRequest-example-emr-lis-service-request-profile.html"}],"reference":{"reference":"ServiceRequest/example-emr-lis-service-request-profile"},"name":"EMR-LIS PIMS ServiceRequest Profile","description":"Example ServiceRequest resource representing EMR-LIS Lab Order","exampleCanonical":"http://i-tech-uw.github.io/emr-lis-ig/StructureDefinition/emr-lab-service-request","groupingId":"-ex-example"},{"extension":[{"url":"http://hl7.org/fhir/StructureDefinition/implementationguide-page","valueUri":"Task-example-emr-lis-task-requested.html"}],"reference":{"reference":"Task/example-emr-lis-task-requested"},"name":"EMR-LIS Requested Lab Task","description":"Example Task for Requested Lab Orders and Results for EMR-LIS integration","exampleCanonical":"http://i-tech-uw.github.io/emr-lis-ig/StructureDefinition/emr-lab-task","groupingId":"-ex-example"}],"page":{"nameUrl":"toc.html","title":"Table of Contents","generation":"html","page":[{"nameUrl":"index.html","title":"Home","generation":"html"},{"nameUrl":"background.html","title":"Background","generation":"html"},{"nameUrl":"changes.html","title":"Changes","generation":"html"},{"nameUrl":"downloads.html","title":"Downloads","generation":"html"},{"nameUrl":"spec.html","title":"Spec","generation":"markdown"},{"nameUrl":"artifacts.html","title":"Artifacts Summary","generation":"html","page":[{"nameUrl":"StructureDefinition-EmrLisLogicalModel.html","title":"EMR-LIS Logical Model","generation":"generated"},{"nameUrl":"StructureDefinition-emr-lab-diagnostic-report.html","title":"EMR-LIS Diagnostic Report","generation":"generated"},{"nameUrl":"StructureDefinition-emr-lab-encounter.html","title":"EMR-LIS Encounter","generation":"generated"},{"nameUrl":"StructureDefinition-emr-lis-composition.html","title":"EMR-LIS Lab Order Composition","generation":"generated"},{"nameUrl":"StructureDefinition-emr-lab-observation.html","title":"EMR-LIS Observation","generation":"generated"},{"nameUrl":"StructureDefinition-emr-lab-patient.html","title":"EMR-LIS Workflow Patient","generation":"generated"},{"nameUrl":"StructureDefinition-emr-lab-practitioner.html","title":"EMR-LIS Encounter","generation":"generated"},{"nameUrl":"StructureDefinition-emr-lab-service-request.html","title":"EMR-LIS Service Request","generation":"generated"},{"nameUrl":"StructureDefinition-emr-lab-task.html","title":"EMR-LIS Workflow Task Resource","generation":"generated"},{"nameUrl":"StructureDefinition-emr-lab-openmrs-identifier.html","title":"EMR-LIS Workflow OpenMRS Identifier","generation":"generated"},{"nameUrl":"StructureDefinition-emr-lis-patient-identifier-location.html","title":"EMR-LIS Patient Identifier Location Extension","generation":"generated"},{"nameUrl":"ValueSet-emr-lab-diagnostic-report-status-vs.html","title":"EMR-LIS Diagnostic Report Status Flag","generation":"generated"},{"nameUrl":"ValueSet-emr-lab-order-code-vs.html","title":"EMR Lab Order Code","generation":"generated"},{"nameUrl":"ValueSet-emr-lab-task-intent-vs.html","title":"EMR-LIS Intent for Task","generation":"generated"},{"nameUrl":"ValueSet-emr-lab-task-status-vs.html","title":"EMR-LIS Status for Task","generation":"generated"},{"nameUrl":"Bundle-example-emr-lis-bundle.html","title":"Example EMR-LIS Lab Bundle","generation":"generated"},{"nameUrl":"Composition-example-emr-lis-composition.html","title":"Example EMR-LIS Lab Composition","generation":"generated"},{"nameUrl":"DiagnosticReport-example-emr-lis-diagnostic-report.html","title":"EMR-LIS DiagnosticReport","generation":"generated"},{"nameUrl":"Encounter-example-emr-lis-encounter.html","title":"EMR-LIS Encounter","generation":"generated"},{"nameUrl":"Observation-example-emr-lis-observation.html","title":"EMR-LIS Observation","generation":"generated"},{"nameUrl":"Patient-example-emr-lis-patient.html","title":"EMR-LIS Patient","generation":"generated"},{"nameUrl":"Practitioner-example-emr-lis-practitioner.html","title":"EMR-LIS Practitioner","generation":"generated"},{"nameUrl":"ServiceRequest-example-emr-lis-service-request-1.html","title":"EmrLis ServiceRequest 1","generation":"generated"},{"nameUrl":"ServiceRequest-example-emr-lis-service-request-2.html","title":"BW PIMS ServiceRequest 1","generation":"generated"},{"nameUrl":"ServiceRequest-example-emr-lis-service-request-profile.html","title":"EMR-LIS PIMS ServiceRequest Profile","generation":"generated"},{"nameUrl":"Task-example-emr-lis-task-requested.html","title":"EMR-LIS Requested Lab Task","generation":"generated"}]}]},"parameter":[{"code":"path-resource","value":"input/capabilities"},{"code":"path-resource","value":"input/examples"},{"code":"path-resource","value":"input/extensions"},{"code":"path-resource","value":"input/models"},{"code":"path-resource","value":"input/operations"},{"code":"path-resource","value":"input/profiles"},{"code":"path-resource","value":"input/resources"},{"code":"path-resource","value":"input/vocabulary"},{"code":"path-resource","value":"input/maps"},{"code":"path-resource","value":"input/testing"},{"code":"path-resource","value":"input/history"},{"code":"path-resource","value":"fsh-generated/resources"},{"code":"path-pages","value":"template/config"},{"code":"path-pages","value":"input/images"},{"code":"path-tx-cache","value":"input-cache/txcache"}]}}