{"resourceType":"StructureDefinition","id":"EmrLisLogicalModel","text":{"status":"extensions","div":"<div xmlns=\"http://www.w3.org/1999/xhtml\"><table border=\"0\" cellpadding=\"0\" cellspacing=\"0\" style=\"border: 0px #F0F0F0 solid; font-size: 11px; font-family: verdana; vertical-align: top;\"><tr style=\"border: 1px #F0F0F0 solid; font-size: 11px; font-family: verdana; vertical-align: top\"><th style=\"vertical-align: top; text-align : left; background-color: white; border: 0px #F0F0F0 solid; padding:0px 4px 0px 4px\" class=\"hierarchy\"><a href=\"http://hl7.org/fhir/R4/formats.html#table\" title=\"The logical name of the element\">Name</a></th><th style=\"vertical-align: top; text-align : left; background-color: white; border: 0px #F0F0F0 solid; padding:0px 4px 0px 4px\" class=\"hierarchy\"><a href=\"http://hl7.org/fhir/R4/formats.html#table\" title=\"Information about the use of the element\">Flags</a></th><th style=\"vertical-align: top; text-align : left; background-color: white; border: 0px #F0F0F0 solid; padding:0px 4px 0px 4px\" class=\"hierarchy\"><a href=\"http://hl7.org/fhir/R4/formats.html#table\" title=\"Minimum and Maximum # of times the the element can appear in the instance\">Card.</a></th><th style=\"width: 100px\" class=\"hierarchy\"><a href=\"http://hl7.org/fhir/R4/formats.html#table\" title=\"Reference to the type of the element\">Type</a></th><th style=\"vertical-align: top; text-align : left; background-color: white; border: 0px #F0F0F0 solid; padding:0px 4px 0px 4px\" class=\"hierarchy\"><a href=\"http://hl7.org/fhir/R4/formats.html#table\" title=\"Additional information about the element\">Description &amp; Constraints</a><span style=\"float: right\"><a href=\"http://hl7.org/fhir/R4/formats.html#table\" title=\"Legend for this format\"><img src=\"http://hl7.org/fhir/R4/help16.png\" alt=\"doco\" style=\"background-color: inherit\"/></a></span></th></tr><tr style=\"border: 0px #F0F0F0 solid; padding:0px; vertical-align: top; background-color: white\"><td style=\"vertical-align: top; text-align : left; background-color: white; border: 0px #F0F0F0 solid; padding:0px 4px 0px 4px; white-space: nowrap; background-image: url(tbl_bck1.png)\" class=\"hierarchy\"><img src=\"tbl_spacer.png\" alt=\".\" style=\"background-color: inherit\" class=\"hierarchy\"/><img src=\"icon_element.gif\" alt=\".\" style=\"background-color: white; background-color: inherit\" title=\"Element\" class=\"hierarchy\"/> <a href=\"StructureDefinition-EmrLisLogicalModel-definitions.html#EmrLisLogicalModel\">EmrLisLogicalModel</a><a name=\"EmrLisLogicalModel\"> </a></td><td style=\"vertical-align: top; text-align : left; background-color: white; border: 0px #F0F0F0 solid; padding:0px 4px 0px 4px\" class=\"hierarchy\"/><td style=\"vertical-align: top; text-align : left; background-color: white; border: 0px #F0F0F0 solid; padding:0px 4px 0px 4px\" class=\"hierarchy\"/><td style=\"vertical-align: top; text-align : left; background-color: white; border: 0px #F0F0F0 solid; padding:0px 4px 0px 4px\" class=\"hierarchy\"><a href=\"http://hl7.org/fhir/R4/datatypes.html#Element\">Element</a></td><td style=\"vertical-align: top; text-align : left; background-color: white; border: 0px #F0F0F0 solid; padding:0px 4px 0px 4px\" class=\"hierarchy\"/></tr>\r\n<tr style=\"border: 0px #F0F0F0 solid; padding:0px; vertical-align: top; background-color: #F7F7F7\"><td style=\"vertical-align: top; text-align : left; background-color: #F7F7F7; border: 0px #F0F0F0 solid; padding:0px 4px 0px 4px; white-space: nowrap; background-image: url(tbl_bck11.png)\" class=\"hierarchy\"><img src=\"tbl_spacer.png\" alt=\".\" style=\"background-color: inherit\" class=\"hierarchy\"/><img src=\"tbl_vjoin.png\" alt=\".\" style=\"background-color: inherit\" class=\"hierarchy\"/><img src=\"icon_datatype.gif\" alt=\".\" style=\"background-color: #F7F7F7; background-color: inherit\" title=\"Data Type\" class=\"hierarchy\"/> <a href=\"StructureDefinition-EmrLisLogicalModel-definitions.html#EmrLisLogicalModel.Patient\" title=\"Logical model of EMR-LIS Patient\">Patient</a><a name=\"EmrLisLogicalModel.Patient\"> </a></td><td style=\"vertical-align: top; text-align : left; background-color: #F7F7F7; border: 0px #F0F0F0 solid; padding:0px 4px 0px 4px\" class=\"hierarchy\"/><td style=\"vertical-align: top; text-align : left; background-color: #F7F7F7; border: 0px #F0F0F0 solid; padding:0px 4px 0px 4px\" class=\"hierarchy\">0..1</td><td style=\"vertical-align: top; text-align : left; background-color: #F7F7F7; border: 0px #F0F0F0 solid; padding:0px 4px 0px 4px\" class=\"hierarchy\"><a href=\"http://hl7.org/fhir/R4/datatypes.html#BackboneElement\">BackboneElement</a></td><td style=\"vertical-align: top; text-align : left; background-color: #F7F7F7; border: 0px #F0F0F0 solid; padding:0px 4px 0px 4px\" class=\"hierarchy\">EMR-LIS Patient Logical Model</td></tr>\r\n<tr style=\"border: 0px #F0F0F0 solid; padding:0px; vertical-align: top; background-color: white\"><td style=\"vertical-align: top; text-align : left; background-color: white; border: 0px #F0F0F0 solid; padding:0px 4px 0px 4px; white-space: nowrap; background-image: url(tbl_bck100.png)\" class=\"hierarchy\"><img src=\"tbl_spacer.png\" alt=\".\" style=\"background-color: inherit\" class=\"hierarchy\"/><img src=\"tbl_vline.png\" alt=\".\" style=\"background-color: inherit\" class=\"hierarchy\"/><img src=\"tbl_vjoin_end.png\" alt=\".\" style=\"background-color: inherit\" class=\"hierarchy\"/><img src=\"icon_datatype.gif\" alt=\".\" style=\"background-color: white; background-color: inherit\" title=\"Data Type\" class=\"hierarchy\"/> <a href=\"StructureDefinition-EmrLisLogicalModel-definitions.html#EmrLisLogicalModel.Patient.Active\" title=\"Flag for distinguishing between active and not active Patients\">Active</a><a name=\"EmrLisLogicalModel.Patient.Active\"> </a></td><td style=\"vertical-align: top; text-align : left; background-color: white; border: 0px #F0F0F0 solid; padding:0px 4px 0px 4px\" class=\"hierarchy\"/><td style=\"vertical-align: top; text-align : left; background-color: white; border: 0px #F0F0F0 solid; padding:0px 4px 0px 4px\" class=\"hierarchy\">0..1</td><td style=\"vertical-align: top; text-align : left; background-color: white; border: 0px #F0F0F0 solid; padding:0px 4px 0px 4px\" class=\"hierarchy\"><a href=\"http://hl7.org/fhir/R4/datatypes.html#CodeableConcept\">CodeableConcept</a></td><td style=\"vertical-align: top; text-align : left; background-color: white; border: 0px #F0F0F0 solid; padding:0px 4px 0px 4px\" class=\"hierarchy\">Patient Active Flag<br/><span style=\"font-weight:bold\">Binding: </span><a href=\"http://hl7.org/fhir/R4/terminologies.html#unbound\">(unbound)</a> (<a href=\"http://hl7.org/fhir/R4/terminologies.html#extensible\" title=\"To be conformant, the concept in this element SHALL be from the specified value set if any of the codes within the value set can apply to the concept being communicated.  If the value set does not cover the concept (based on human review), alternate codings (or, data type allowing, text) may be included instead.\">extensible</a>)</td></tr>\r\n<tr style=\"border: 0px #F0F0F0 solid; padding:0px; vertical-align: top; background-color: #F7F7F7\"><td style=\"vertical-align: top; text-align : left; background-color: #F7F7F7; border: 0px #F0F0F0 solid; padding:0px 4px 0px 4px; white-space: nowrap; background-image: url(tbl_bck01.png)\" class=\"hierarchy\"><img src=\"tbl_spacer.png\" alt=\".\" style=\"background-color: inherit\" class=\"hierarchy\"/><img src=\"tbl_vjoin_end.png\" alt=\".\" style=\"background-color: inherit\" class=\"hierarchy\"/><img src=\"icon_datatype.gif\" alt=\".\" style=\"background-color: #F7F7F7; background-color: inherit\" title=\"Data Type\" class=\"hierarchy\"/> <a href=\"StructureDefinition-EmrLisLogicalModel-definitions.html#EmrLisLogicalModel.LabTask\" title=\"A task for tracking the full lifecycle of a EMR-LIS Lab Order Workflow between EMRs and LISs\">LabTask</a><a name=\"EmrLisLogicalModel.LabTask\"> </a></td><td style=\"vertical-align: top; text-align : left; background-color: #F7F7F7; border: 0px #F0F0F0 solid; padding:0px 4px 0px 4px\" class=\"hierarchy\"/><td style=\"vertical-align: top; text-align : left; background-color: #F7F7F7; border: 0px #F0F0F0 solid; padding:0px 4px 0px 4px\" class=\"hierarchy\">0..1</td><td style=\"vertical-align: top; text-align : left; background-color: #F7F7F7; border: 0px #F0F0F0 solid; padding:0px 4px 0px 4px\" class=\"hierarchy\"><a href=\"http://hl7.org/fhir/R4/datatypes.html#BackboneElement\">BackboneElement</a></td><td style=\"vertical-align: top; text-align : left; background-color: #F7F7F7; border: 0px #F0F0F0 solid; padding:0px 4px 0px 4px\" class=\"hierarchy\">EMR-LIS Workflow Task</td></tr>\r\n<tr style=\"border: 0px #F0F0F0 solid; padding:0px; vertical-align: top; background-color: white\"><td style=\"vertical-align: top; text-align : left; background-color: white; border: 0px #F0F0F0 solid; padding:0px 4px 0px 4px; white-space: nowrap; background-image: url(tbl_bck000.png)\" class=\"hierarchy\"><img src=\"tbl_spacer.png\" alt=\".\" style=\"background-color: inherit\" class=\"hierarchy\"/><img src=\"tbl_blank.png\" alt=\".\" style=\"background-color: inherit\" class=\"hierarchy\"/><img src=\"tbl_vjoin_end.png\" alt=\".\" style=\"background-color: inherit\" class=\"hierarchy\"/><img src=\"icon_reference.png\" alt=\".\" style=\"background-color: white; background-color: inherit\" title=\"Reference to another Resource\" class=\"hierarchy\"/> <a href=\"StructureDefinition-EmrLisLogicalModel-definitions.html#EmrLisLogicalModel.LabTask.Patient\" title=\"The Patient for whom the lab order was created.\">Patient</a><a name=\"EmrLisLogicalModel.LabTask.Patient\"> </a></td><td style=\"vertical-align: top; text-align : left; background-color: white; border: 0px #F0F0F0 solid; padding:0px 4px 0px 4px\" class=\"hierarchy\"/><td style=\"vertical-align: top; text-align : left; background-color: white; border: 0px #F0F0F0 solid; padding:0px 4px 0px 4px\" class=\"hierarchy\">1..1</td><td style=\"vertical-align: top; text-align : left; background-color: white; border: 0px #F0F0F0 solid; padding:0px 4px 0px 4px\" class=\"hierarchy\"><a href=\"http://hl7.org/fhir/R4/references.html\">Reference</a>()</td><td style=\"vertical-align: top; text-align : left; background-color: white; border: 0px #F0F0F0 solid; padding:0px 4px 0px 4px\" class=\"hierarchy\">EMR-LIS Patient</td></tr>\r\n<tr><td colspan=\"5\" class=\"hierarchy\"><br/><a href=\"http://hl7.org/fhir/R4/formats.html#table\" title=\"Legend for this format\"><img src=\"http://hl7.org/fhir/R4/help16.png\" alt=\"doco\" style=\"background-color: inherit\"/> Documentation for this format</a></td></tr></table></div>"},"url":"http://i-tech-uw.github.io/emr-lis-ig/StructureDefinition/EmrLisLogicalModel","version":"0.2.0","name":"EmrLisLogicalModel","status":"draft","experimental":true,"date":"2021-07-01T13:57:40+00:00","publisher":"I-TECH-UW","contact":[{"name":"I-TECH-UW","telecom":[{"system":"url","value":"www.github.com/i-tech-uw"},{"system":"email","value":"pmanko@uw.edu"}]}],"fhirVersion":"4.0.1","mapping":[{"identity":"OpenELIS","name":"OpenELIS Global v2"},{"identity":"OpenMRS","name":"OpenMRS RefApp 2.9"},{"identity":"iSantePlus","name":"iSantePlus 2"},{"identity":"FHIR-R4","name":"FHIR Release 4"},{"identity":"rim","uri":"http://hl7.org/v3","name":"RIM Mapping"}],"kind":"logical","abstract":false,"type":"EmrLisLogicalModel","baseDefinition":"http://hl7.org/fhir/StructureDefinition/Element","derivation":"specialization","snapshot":{"element":[{"id":"EmrLisLogicalModel","extension":[{"url":"http://hl7.org/fhir/StructureDefinition/structuredefinition-standards-status","valueCode":"normative"},{"url":"http://hl7.org/fhir/StructureDefinition/structuredefinition-normative-version","valueCode":"4.0.0"}],"path":"EmrLisLogicalModel","short":"Base for all elements","definition":"Base definition for all elements in a resource.","min":0,"max":"*","base":{"path":"Element","min":0,"max":"*"},"condition":["ele-1"],"constraint":[{"key":"ele-1","severity":"error","human":"All FHIR elements must have a @value or children","expression":"hasValue() or (children().count() > id.count())","xpath":"@value|f:*|h:div"}],"isModifier":false,"mapping":[{"identity":"rim","map":"n/a"}]},{"id":"EmrLisLogicalModel.id","path":"EmrLisLogicalModel.id","representation":["xmlAttr"],"short":"Unique id for inter-element referencing","definition":"Unique id for the element within a resource (for internal references). This may be any string value that does not contain spaces.","min":0,"max":"1","base":{"path":"Element.id","min":0,"max":"1"},"type":[{"extension":[{"url":"http://hl7.org/fhir/StructureDefinition/structuredefinition-fhir-type","valueUrl":"string"}],"code":"http://hl7.org/fhirpath/System.String"}],"isModifier":false,"isSummary":false,"mapping":[{"identity":"rim","map":"n/a"}]},{"id":"EmrLisLogicalModel.extension","path":"EmrLisLogicalModel.extension","slicing":{"discriminator":[{"type":"value","path":"url"}],"description":"Extensions are always sliced by (at least) url","rules":"open"},"short":"Additional content defined by implementations","definition":"May be used to represent additional information that is not part of the basic definition of the element. To make the use of extensions safe and manageable, there is a strict set of governance  applied to the definition and use of extensions. Though any implementer can define an extension, there is a set of requirements that SHALL be met as part of the definition of the extension.","comment":"There can be no stigma associated with the use of extensions by any application, project, or standard - regardless of the institution or jurisdiction that uses or defines the extensions.  The use of extensions is what allows the FHIR specification to retain a core level of simplicity for everyone.","alias":["extensions","user content"],"min":0,"max":"*","base":{"path":"Element.extension","min":0,"max":"*"},"type":[{"code":"Extension"}],"constraint":[{"key":"ele-1","severity":"error","human":"All FHIR elements must have a @value or children","expression":"hasValue() or (children().count() > id.count())","xpath":"@value|f:*|h:div","source":"http://hl7.org/fhir/StructureDefinition/Element"},{"key":"ext-1","severity":"error","human":"Must have either extensions or value[x], not both","expression":"extension.exists() != value.exists()","xpath":"exists(f:extension)!=exists(f:*[starts-with(local-name(.), \"value\")])","source":"http://hl7.org/fhir/StructureDefinition/Extension"}],"isModifier":false,"isSummary":false,"mapping":[{"identity":"rim","map":"n/a"}]},{"id":"EmrLisLogicalModel.Patient","path":"EmrLisLogicalModel.Patient","short":"EMR-LIS Patient Logical Model","definition":"Logical model of EMR-LIS Patient","min":0,"max":"1","base":{"path":"EmrLisLogicalModel.Patient","min":0,"max":"1"},"type":[{"code":"BackboneElement"}],"mapping":[{"identity":"OpenELIS","map":"TODO"},{"identity":"OpenMRS","map":"TODO"},{"identity":"iSantePlus","map":"TODO"},{"identity":"FHIR-R4","map":"EmrLisPatient"}]},{"id":"EmrLisLogicalModel.Patient.Active","path":"EmrLisLogicalModel.Patient.Active","short":"Patient Active Flag","definition":"Flag for distinguishing between active and not active Patients","min":0,"max":"1","base":{"path":"EmrLisLogicalModel.Patient.Active","min":0,"max":"1"},"type":[{"code":"CodeableConcept"}],"binding":{"strength":"extensible"},"mapping":[{"identity":"OpenELIS","map":"TODO"},{"identity":"OpenMRS","map":"TODO"},{"identity":"iSantePlus","map":"TODO"},{"identity":"FHIR-R4","map":"EmrLisPatient.active"}]},{"id":"EmrLisLogicalModel.LabTask","path":"EmrLisLogicalModel.LabTask","short":"EMR-LIS Workflow Task","definition":"A task for tracking the full lifecycle of a EMR-LIS Lab Order Workflow between EMRs and LISs","min":0,"max":"1","base":{"path":"EmrLisLogicalModel.LabTask","min":0,"max":"1"},"type":[{"code":"BackboneElement"}],"mapping":[{"identity":"OpenELIS","map":"TODO"},{"identity":"OpenMRS","map":"TODO"},{"identity":"iSantePlus","map":"TODO"},{"identity":"FHIR-R4","map":"EmrLisTask"}]},{"id":"EmrLisLogicalModel.LabTask.Patient","path":"EmrLisLogicalModel.LabTask.Patient","short":"EMR-LIS Patient","definition":"The Patient for whom the lab order was created.","min":1,"max":"1","base":{"path":"EmrLisLogicalModel.LabTask.Patient","min":1,"max":"1"},"type":[{"code":"Reference"}],"mapping":[{"identity":"OpenELIS","map":"TODO"},{"identity":"OpenMRS","map":"TODO"},{"identity":"iSantePlus","map":"TODO"},{"identity":"FHIR-R4","map":"EmrLisTask.for"}]}]},"differential":{"element":[{"id":"EmrLisLogicalModel.Patient","path":"EmrLisLogicalModel.Patient","short":"EMR-LIS Patient Logical Model","definition":"Logical model of EMR-LIS Patient","min":0,"max":"1","type":[{"code":"BackboneElement"}],"mapping":[{"identity":"OpenELIS","map":"TODO"},{"identity":"OpenMRS","map":"TODO"},{"identity":"iSantePlus","map":"TODO"},{"identity":"FHIR-R4","map":"EmrLisPatient"}]},{"id":"EmrLisLogicalModel.Patient.Active","path":"EmrLisLogicalModel.Patient.Active","short":"Patient Active Flag","definition":"Flag for distinguishing between active and not active Patients","min":0,"max":"1","type":[{"code":"CodeableConcept"}],"binding":{"strength":"extensible"},"mapping":[{"identity":"OpenELIS","map":"TODO"},{"identity":"OpenMRS","map":"TODO"},{"identity":"iSantePlus","map":"TODO"},{"identity":"FHIR-R4","map":"EmrLisPatient.active"}]},{"id":"EmrLisLogicalModel.LabTask","path":"EmrLisLogicalModel.LabTask","short":"EMR-LIS Workflow Task","definition":"A task for tracking the full lifecycle of a EMR-LIS Lab Order Workflow between EMRs and LISs","min":0,"max":"1","type":[{"code":"BackboneElement"}],"mapping":[{"identity":"OpenELIS","map":"TODO"},{"identity":"OpenMRS","map":"TODO"},{"identity":"iSantePlus","map":"TODO"},{"identity":"FHIR-R4","map":"EmrLisTask"}]},{"id":"EmrLisLogicalModel.LabTask.Patient","path":"EmrLisLogicalModel.LabTask.Patient","short":"EMR-LIS Patient","definition":"The Patient for whom the lab order was created.","min":1,"max":"1","type":[{"code":"Reference"}],"mapping":[{"identity":"OpenELIS","map":"TODO"},{"identity":"OpenMRS","map":"TODO"},{"identity":"iSantePlus","map":"TODO"},{"identity":"FHIR-R4","map":"EmrLisTask.for"}]}]}}